trade_date,ts_code,direction,volume,price,amount,commission,realized_pnl,reason
2015-05-04,IC1505.CFX,BUY,5,8370.2,8370200.0,1925.146,0.0,STRATEGY
2015-05-07,IC1505.CFX,BUY,1,8020.0,1604000.0,368.92,0.0,STRATEGY
2015-05-11,IC1505.CFX,SELL,1,8170.0,1634000.0,375.82,-28366.666666666788,STRATEGY
2015-05-13,IC1505.CFX,SELL,5,8595.0,8595000.0,1976.8500000000001,283166.66666666605,STRATEGY
2015-05-13,IC1506.CFX,BUY,6,8500.0,10200000.0,2346.0,0.0,STRATEGY
2015-05-15,IC1506.CFX,SELL,1,8610.0,1722000.0,396.06,22000.0,STRATEGY
2015-06-17,IC1506.CFX,SELL,5,10837.6,10837600.0,2492.648,2337600.0000000005,STRATEGY
2015-06-17,IC1507.CFX,BUY,5,10720.2,10720200.0,2465.646,0.0,STRATEGY
2015-06-26,IC1507.CFX,BUY,1,9380.0,1876000.0,431.48,0.0,STRATEGY
2015-06-29,IC1507.CFX,SELL,1,8788.0,1757600.0,404.248,-341766.6666666668,STRATEGY
2015-06-30,IC1507.CFX,BUY,1,7768.0,1553600.0,357.32800000000003,0.0,STRATEGY
2015-07-03,IC1507.CFX,SELL,1,7718.0,1543600.0,355.028,-464805.55555555585,STRATEGY
2015-07-07,IC1507.CFX,BUY,1,7303.6,1460720.0,335.9656,0.0,STRATEGY
2015-07-10,IC1507.CFX,SELL,1,6894.0,1378800.0,317.124,-538324.62962963,STRATEGY
2015-07-15,IC1507.CFX,SELL,5,7613.6,7613600.0,1751.1280000000002,-1972023.1481481497,STRATEGY
2015-07-15,IC1508.CFX,BUY,5,7516.0,7516000.0,1728.68,0.0,STRATEGY
2015-07-28,IC1508.CFX,BUY,1,7198.0,1439600.0,331.108,0.0,STRATEGY
2015-07-30,IC1508.CFX,SELL,1,7700.0,1540000.0,354.2,47400.0,STRATEGY
2015-07-31,IC1508.CFX,BUY,1,7275.0,1455000.0,334.65000000000003,0.0,STRATEGY
2015-08-05,IC1508.CFX,SELL,1,7677.0,1535400.0,353.142,49066.666666666606,STRATEGY
2015-08-06,IC1508.CFX,BUY,1,7415.0,1483000.0,341.09000000000003,0.0,STRATEGY
2015-08-19,IC1508.CFX,SELL,6,7793.8,9352560.0,2151.0888,437893.3333333327,STRATEGY
2015-08-19,IC1509.CFX,BUY,6,7422.0,8906400.0,2048.472,0.0,STRATEGY
2015-09-16,IC1509.CFX,SELL,6,5710.4,6852479.999999999,1576.0703999999998,-2053920.0000000005,STRATEGY
2015-09-16,IC1510.CFX,BUY,6,5361.0,6433200.0,1479.636,0.0,STRATEGY
2015-10-14,IC1510.CFX,SELL,6,6645.0,7974000.0,1834.02,1540800.0,STRATEGY
2015-10-14,IC1511.CFX,BUY,7,6432.8,9005920.0,2071.3616,0.0,STRATEGY
2015-10-26,IC1511.CFX,SELL,1,6944.0,1388800.0,319.42400000000004,102239.99999999997,STRATEGY
2015-10-27,IC1511.CFX,BUY,1,6824.0,1364800.0,313.904,0.0,STRATEGY
2015-10-30,IC1511.CFX,SELL,1,6801.0,1360200.0,312.846,62462.85714285714,STRATEGY
2015-11-02,IC1511.CFX,BUY,1,6641.0,1328200.0,305.486,0.0,STRATEGY
2015-11-18,IC1511.CFX,SELL,7,7557.8,10580920.0,2433.6116,1466297.1428571434,STRATEGY
2015-11-18,IC1512.CFX,BUY,7,7280.2,10192280.0,2344.2244,0.0,STRATEGY
2015-12-16,IC1512.CFX,SELL,7,7468.8,10456320.0,2404.9536000000003,264040.0000000005,STRATEGY
2015-12-16,IC1601.CFX,BUY,7,7183.8,10057320.0,2313.1836000000003,0.0,STRATEGY
2016-01-05,IC1601.CFX,BUY,1,6650.0,1330000.0,305.90000000000003,0.0,STRATEGY
2016-01-13,IC1601.CFX,SELL,8,6126.4,9802240.0,2254.5152000000003,-1585080.0000000002,STRATEGY
2016-01-13,IC1602.CFX,BUY,8,5881.2,9409920.0,2164.2816000000003,0.0,STRATEGY
2016-02-17,IC1602.CFX,SELL,8,5870.0,9392000.0,2160.16,-17919.99999999971,STRATEGY
2016-02-17,IC1603.CFX,BUY,8,5702.2,9123520.0,2098.4096,0.0,STRATEGY
2016-03-16,IC1603.CFX,SELL,8,5700.0,9120000.0,2097.6,-3519.999999999709,STRATEGY
2016-03-16,IC1604.CFX,BUY,8,5468.0,8748800.0,2012.2240000000002,0.0,STRATEGY
2016-04-13,IC1604.CFX,SELL,8,6300.0,10080000.0,2318.4,1331200.0,STRATEGY
2016-04-13,IC1605.CFX,BUY,8,6177.0,9883200.0,2273.136,0.0,STRATEGY
2016-05-18,IC1605.CFX,SELL,8,5701.0,9121600.0,2097.968,-761600.0,STRATEGY
2016-05-18,IC1606.CFX,BUY,9,5570.0,10026000.0,2305.98,0.0,STRATEGY
2016-06-15,IC1606.CFX,SELL,9,5688.0,10238400.0,2354.832,212400.0,STRATEGY
2016-06-15,IC1607.CFX,BUY,9,5580.0,10044000.0,2310.12,0.0,STRATEGY
2016-07-13,IC1607.CFX,SELL,9,6394.2,11509560.0,2647.1988,1465559.9999999998,STRATEGY
2016-07-13,IC1608.CFX,BUY,9,6430.0,11574000.0,2662.02,0.0,STRATEGY
2016-08-17,IC1608.CFX,SELL,9,6448.0,11606400.0,2669.472,32400.0,STRATEGY
2016-08-17,IC1609.CFX,BUY,9,6384.6,11492280.0,2643.2244,0.0,STRATEGY
2016-09-19,IC1609.CFX,SELL,9,6299.0,11338200.0,2607.786,-154080.00000000064,STRATEGY
2016-09-19,IC1610.CFX,BUY,9,6180.2,11124360.0,2558.6028,0.0,STRATEGY
2016-10-19,IC1610.CFX,SELL,9,6510.2,11718360.0,2695.2228,594000.0,STRATEGY
2016-10-19,IC1611.CFX,BUY,9,6433.0,11579400.0,2663.262,0.0,STRATEGY
2016-11-16,IC1611.CFX,SELL,9,6627.0,11928600.0,2743.578,349200.0,STRATEGY
2016-11-16,IC1612.CFX,BUY,9,6539.4,11770920.0,2707.3116,0.0,STRATEGY
2016-12-14,IC1612.CFX,SELL,9,6231.0,11215800.0,2579.634,-555119.9999999993,STRATEGY
2016-12-14,IC1701.CFX,BUY,9,6124.0,11023200.0,2535.3360000000002,0.0,STRATEGY
2017-01-18,IC1701.CFX,SELL,9,6059.0,10906200.0,2508.426,-117000.0,STRATEGY
2017-01-18,IC1702.CFX,BUY,9,5978.2,10760760.0,2474.9748,0.0,STRATEGY
2017-01-19,IC1702.CFX,BUY,1,5984.6,1196920.0,275.2916,0.0,STRATEGY
2017-01-26,IC1702.CFX,SELL,1,6162.8,1232560.0,283.4888,36792.00000000019,STRATEGY
2017-02-15,IC1702.CFX,SELL,9,6335.8,11404440.0,2623.0212,642528.0000000017,STRATEGY
2017-02-15,IC1703.CFX,BUY,10,6249.8,12499600.0,2874.908,0.0,STRATEGY
2017-03-15,IC1703.CFX,SELL,10,6464.6,12929200.0,2973.716,429600.00000000035,STRATEGY
2017-03-15,IC1704.CFX,BUY,10,6375.0,12750000.0,2932.5,0.0,STRATEGY
2017-04-19,IC1704.CFX,SELL,10,6400.0,12800000.0,2944.0,50000.0,STRATEGY
2017-04-19,IC1705.CFX,BUY,10,6361.2,12722400.0,2926.152,0.0,STRATEGY
2017-05-17,IC1705.CFX,SELL,10,6008.8,12017600.0,2764.0480000000002,-704799.9999999993,STRATEGY
2017-05-17,IC1706.CFX,BUY,10,5967.6,11935200.0,2745.096,0.0,STRATEGY
2017-06-14,IC1706.CFX,SELL,10,5963.0,11926000.0,2742.98,-9200.000000000728,STRATEGY
2017-06-14,IC1707.CFX,BUY,10,5925.0,11850000.0,2725.5,0.0,STRATEGY
2017-07-19,IC1707.CFX,SELL,10,5898.8,11797600.0,2713.448,-52399.999999999636,STRATEGY
2017-07-19,IC1708.CFX,BUY,10,5846.6,11693200.0,2689.436,0.0,STRATEGY
2017-08-16,IC1708.CFX,SELL,10,6290.0,12580000.0,2893.4,886799.9999999993,STRATEGY
2017-08-16,IC1709.CFX,BUY,10,6248.8,12497600.0,2874.448,0.0,STRATEGY
2017-09-13,IC1709.CFX,SELL,10,6641.4,13282800.0,3055.044,785199.999999999,STRATEGY
2017-09-13,IC1710.CFX,BUY,10,6605.8,13211600.0,3038.668,0.0,STRATEGY
2017-10-18,IC1710.CFX,SELL,10,6598.2,13196400.0,3035.172,-15200.000000000728,STRATEGY
2017-10-18,IC1711.CFX,BUY,10,6570.2,13140400.0,3022.292,0.0,STRATEGY
2017-11-15,IC1711.CFX,SELL,10,6576.2,13152400.0,3025.052,12000.0,STRATEGY
2017-11-15,IC1712.CFX,BUY,10,6541.2,13082400.0,3008.952,0.0,STRATEGY
2017-12-13,IC1712.CFX,SELL,10,6233.0,12466000.0,2867.1800000000003,-616399.9999999997,STRATEGY
2017-12-13,IC1801.CFX,BUY,10,6193.4,12386800.0,2848.964,0.0,STRATEGY
2018-01-17,IC1801.CFX,SELL,10,6279.6,12559200.0,2888.616,172400.00000000146,STRATEGY
2018-01-17,IC1802.CFX,BUY,10,6274.4,12548800.0,2886.224,0.0,STRATEGY
2018-02-06,IC1802.CFX,BUY,1,5913.0,1182600.0,271.998,0.0,STRATEGY
2018-02-07,IC1802.CFX,SELL,1,5805.2,1161040.0,267.0392,-87269.09090909103,STRATEGY
2018-02-09,IC1802.CFX,BUY,1,5645.0,1129000.0,259.67,0.0,STRATEGY
2018-02-12,IC1802.CFX,SELL,1,5595.0,1119000.0,257.37,-118462.80991735565,STRATEGY
2018-02-22,IC1802.CFX,SELL,10,5780.0,11560000.0,2658.8,-814628.0991735567,STRATEGY
2018-02-22,IC1803.CFX,BUY,10,5780.0,11560000.0,2658.8,0.0,STRATEGY
2018-03-14,IC1803.CFX,SELL,10,6234.4,12468800.0,2867.824,908799.9999999993,STRATEGY
2018-03-14,IC1804.CFX,BUY,10,6199.8,12399600.0,2851.908,0.0,STRATEGY
2018-03-23,IC1804.CFX,BUY,1,5871.0,1174200.0,270.06600000000003,0.0,STRATEGY
2018-03-27,IC1804.CFX,SELL,1,5907.0,1181400.0,271.722,-52581.8181818182,STRATEGY
2018-03-28,IC1804.CFX,BUY,1,5934.0,1186800.0,272.964,0.0,STRATEGY
2018-03-29,IC1804.CFX,SELL,1,5951.2,1190240.0,273.7552,-39452.56198347124,STRATEGY
2018-04-03,IC1804.CFX,BUY,1,6001.0,1200200.0,276.046,0.0,STRATEGY
2018-04-18,IC1804.CFX,SELL,11,5936.6,13060520.000000002,3003.9196000000006,-436605.6198347138,STRATEGY
2018-04-18,IC1805.CFX,BUY,11,5861.0,12894200.0,2965.666,0.0,STRATEGY
2018-05-16,IC1805.CFX,SELL,11,6018.6,13240920.000000002,3045.4116000000004,346720.0000000008,STRATEGY
2018-05-16,IC1806.CFX,BUY,11,5964.0,13120800.0,3017.784,0.0,STRATEGY
2018-06-13,IC1806.CFX,SELL,11,5673.4,12481479.999999998,2870.7403999999997,-639320.0000000008,STRATEGY
2018-06-13,IC1807.CFX,BUY,11,5621.0,12366200.0,2844.226,0.0,STRATEGY
2018-07-18,IC1807.CFX,SELL,11,5209.8,11461560.0,2636.1588,-904639.9999999997,STRATEGY
2018-07-18,IC1808.CFX,BUY,11,5151.0,11332200.0,2606.406,0.0,STRATEGY
2018-08-15,IC1808.CFX,SELL,11,5037.0,11081400.0,2548.722,-250800.0,STRATEGY
2018-08-15,IC1809.CFX,BUY,11,4992.4,10983279.999999998,2526.1543999999994,0.0,STRATEGY
2018-09-19,IC1809.CFX,SELL,11,4679.0,10293800.0,2367.574,-689479.9999999992,STRATEGY
2018-09-19,IC1810.CFX,BUY,11,4645.2,10219440.0,2350.4712,0.0,STRATEGY
2018-10-17,IC1810.CFX,SELL,11,4150.8,9131760.0,2100.3048,-1087679.9999999993,STRATEGY
2018-10-17,IC1811.CFX,BUY,11,4120.0,9064000.0,2084.7200000000003,0.0,STRATEGY
2018-11-14,IC1811.CFX,SELL,11,4576.8,10068960.0,2315.8608,1004960.0000000003,STRATEGY
2018-11-14,IC1812.CFX,BUY,11,4558.8,10029360.0,2306.7528,0.0,STRATEGY
2018-12-19,IC1812.CFX,SELL,11,4301.0,9462200.0,2176.306,-567160.0000000003,STRATEGY
2018-12-19,IC1901.CFX,BUY,11,4280.2,9416440.0,2165.7812,0.0,STRATEGY
2019-01-16,IC1901.CFX,SELL,11,4346.8,9562960.0,2199.4808000000003,146520.00000000081,STRATEGY
2019-01-16,IC1902.CFX,BUY,11,4329.2,9524240.0,2190.5752,0.0,STRATEGY
2019-02-13,IC1902.CFX,SELL,11,4439.8,9767560.0,2246.5388000000003,243320.00000000081,STRATEGY
2019-02-13,IC1903.CFX,BUY,11,4438.8,9765360.0,2246.0328,0.0,STRATEGY
2019-03-13,IC1903.CFX,SELL,11,5544.0,12196800.0,2805.264,2431439.9999999995,STRATEGY
2019-03-13,IC1904.CFX,BUY,11,5533.8,12174360.0,2800.1028,0.0,STRATEGY
2019-04-17,IC1904.CFX,SELL,11,5761.0,12674200.0,2915.0660000000003,499839.9999999996,STRATEGY
2019-04-17,IC1905.CFX,BUY,11,5741.8,12631960.0,2905.3508,0.0,STRATEGY
2019-05-15,IC1905.CFX,SELL,11,4978.6,10952920.000000002,2519.1716000000006,-1679039.9999999995,STRATEGY
2019-05-15,IC1906.CFX,BUY,11,4910.2,10802440.0,2484.5612,0.0,STRATEGY
2019-06-19,IC1906.CFX,SELL,11,4910.0,10802000.0,2484.46,-439.9999999995998,STRATEGY
2019-06-19,IC1907.CFX,BUY,11,4863.2,10699040.0,2460.7792,0.0,STRATEGY
2019-07-17,IC1907.CFX,SELL,11,4922.0,10828400.0,2490.532,129360.00000000041,STRATEGY
2019-07-17,IC1908.CFX,BUY,11,4863.0,10698600.0,2460.678,0.0,STRATEGY
2019-08-14,IC1908.CFX,SELL,11,4694.0,10326800.0,2375.164,-371800.0,STRATEGY
2019-08-14,IC1909.CFX,BUY,11,4641.0,10210200.0,2348.346,0.0,STRATEGY
2019-09-18,IC1909.CFX,SELL,11,5142.8,11314160.0,2602.2568,1103960.0000000005,STRATEGY
2019-09-18,IC1910.CFX,BUY,11,5121.0,11266200.0,2591.226,0.0,STRATEGY
2019-10-16,IC1910.CFX,SELL,11,5061.8,11135960.0,2561.2708000000002,-130239.99999999959,STRATEGY
2019-10-16,IC1911.CFX,BUY,11,5017.2,11037840.0,2538.7032,0.0,STRATEGY
2019-11-13,IC1911.CFX,SELL,11,4860.0,10692000.0,2459.16,-345839.9999999996,STRATEGY
2019-11-13,IC1912.CFX,BUY,11,4816.0,10595200.0,2436.896,0.0,STRATEGY
2019-12-18,IC1912.CFX,SELL,11,5240.2,11528440.0,2651.5412,933239.9999999997,STRATEGY
2019-12-18,IC2001.CFX,BUY,11,5242.8,11534160.0,2652.8568,0.0,STRATEGY
2020-01-15,IC2001.CFX,SELL,11,5533.0,12172600.0,2799.698,638439.9999999997,STRATEGY
2020-01-15,IC2002.CFX,BUY,11,5520.0,12144000.0,2793.12,0.0,STRATEGY
2020-02-03,IC2002.CFX,BUY,2,4805.4,1922159.9999999998,442.0968,0.0,STRATEGY
2020-02-04,IC2002.CFX,SELL,1,4900.0,980000.0,225.4,-102012.30769230769,STRATEGY
2020-02-19,IC2002.CFX,SELL,12,5622.0,13492800.0,3103.344,508652.30769230763,STRATEGY
2020-02-19,IC2003.CFX,BUY,12,5586.2,13406879.999999998,3083.5824,0.0,STRATEGY
2020-02-28,IC2003.CFX,BUY,1,5540.0,1108000.0,254.84,0.0,STRATEGY
2020-03-05,IC2003.CFX,SELL,1,5739.0,1147800.0,263.994,31270.769230769292,STRATEGY
2020-03-06,IC2003.CFX,BUY,1,5690.6,1138120.0,261.7676,0.0,STRATEGY
2020-03-10,IC2003.CFX,SELL,1,5508.6,1101720.0,253.3956,-16470.059171597677,STRATEGY
2020-03-12,IC2003.CFX,BUY,1,5469.0,1093800.0,251.574,0.0,STRATEGY
2020-03-17,IC2003.CFX,SELL,1,5296.0,1059200.0,243.616,-57113.90077378237,STRATEGY
2020-03-18,IC2003.CFX,SELL,12,5200.0,12480000.0,2870.4,-915766.8092853884,STRATEGY
2020-03-18,IC2004.CFX,BUY,12,5120.0,12288000.0,2826.2400000000002,0.0,STRATEGY
2020-03-23,IC2004.CFX,BUY,1,5007.0,1001400.0,230.322,0.0,STRATEGY
2020-04-15,IC2004.CFX,SELL,13,5266.0,13691600.0,3149.068,402199.9999999998,STRATEGY
2020-04-15,IC2005.CFX,BUY,13,5211.2,13549119.999999998,3116.2976,0.0,STRATEGY
2020-05-13,IC2005.CFX,SELL,13,5470.0,14222000.0,3271.06,672880.0000000005,STRATEGY
2020-05-13,IC2006.CFX,BUY,13,5384.8,14000480.000000002,3220.1104000000005,0.0,STRATEGY
2020-06-17,IC2006.CFX,SELL,13,5681.0,14770600.0,3397.2380000000003,770119.9999999995,STRATEGY
2020-06-17,IC2007.CFX,BUY,13,5599.8,14559480.000000002,3348.6804000000006,0.0,STRATEGY
2020-07-15,IC2007.CFX,SELL,13,6840.0,17784000.0,4090.32,3224519.9999999995,STRATEGY
2020-07-15,IC2008.CFX,BUY,13,6800.0,17680000.0,4066.4,0.0,STRATEGY
2020-08-19,IC2008.CFX,SELL,13,6758.6,17572360.0,4041.6428,-107639.99999999905,STRATEGY
2020-08-19,IC2009.CFX,BUY,13,6641.0,17266600.0,3971.318,0.0,STRATEGY
2020-09-16,IC2009.CFX,SELL,13,6351.0,16512600.0,3797.898,-754000.0,STRATEGY
2020-09-16,IC2010.CFX,BUY,14,6270.0,17556000.0,4037.88,0.0,STRATEGY
2020-09-21,IC2010.CFX,SELL,1,6458.2,1291640.0,297.0772,37639.99999999996,STRATEGY
2020-09-24,IC2010.CFX,BUY,1,6288.0,1257600.0,289.248,0.0,STRATEGY
2020-09-25,IC2010.CFX,SELL,1,6218.2,1243640.0,286.0372,-10617.142857142971,STRATEGY
2020-10-14,IC2010.CFX,SELL,13,6522.2,16957720.0,3900.2756,652377.1428571413,STRATEGY
2020-10-14,IC2011.CFX,BUY,14,6449.8,18059440.0,4153.6712,0.0,STRATEGY
2020-10-19,IC2011.CFX,SELL,1,6409.2,1281840.0,294.8232,-8120.000000000073,STRATEGY
2020-10-22,IC2011.CFX,BUY,1,6258.0,1251600.0,287.868,0.0,STRATEGY
2020-10-30,IC2011.CFX,SELL,1,6261.0,1252200.0,288.00600000000003,-35020.00000000007,STRATEGY
2020-11-18,IC2011.CFX,SELL,13,6335.0,16471000.0,3788.33,-262860.00000000093,STRATEGY
2020-11-18,IC2012.CFX,BUY,14,6261.0,17530800.0,4032.0840000000003,0.0,STRATEGY
2020-11-30,IC2012.CFX,SELL,1,6343.8,1268760.0,291.8148,16560.000000000036,STRATEGY
2020-12-03,IC2012.CFX,BUY,1,6393.8,1278760.0,294.1148,0.0,STRATEGY
2020-12-07,IC2012.CFX,SELL,1,6462.6,1292520.0,297.2796,38422.857142857174,STRATEGY
2020-12-08,IC2012.CFX,BUY,1,6400.0,1280000.0,294.40000000000003,0.0,STRATEGY
2020-12-11,IC2012.CFX,SELL,1,6326.8,1265360.0,291.0328,9412.65306122441,STRATEGY
2020-12-16,IC2012.CFX,SELL,13,6257.2,16268719.999999998,3741.8055999999997,-58595.51020408362,STRATEGY
2020-12-16,IC2101.CFX,BUY,14,6208.8,17384640.0,3998.4672,0.0,STRATEGY
2021-01-04,IC2101.CFX,SELL,1,6384.0,1276800.0,293.664,35039.99999999996,STRATEGY
2021-01-05,IC2101.CFX,BUY,1,6434.4,1286880.0,295.9824,0.0,STRATEGY
2021-01-08,IC2101.CFX,SELL,1,6525.4,1305080.0,300.1684,60097.14285714272,STRATEGY
2021-01-13,IC2101.CFX,SELL,13,6508.6,16922360.0,3892.1428,737582.8571428572,STRATEGY
2021-01-13,IC2102.CFX,BUY,14,6457.0,18079600.0,4158.308,0.0,STRATEGY
2021-02-01,IC2102.CFX,SELL,1,6322.0,1264400.0,290.812,-27000.0,STRATEGY
2021-02-04,IC2102.CFX,BUY,1,6369.0,1273800.0,292.974,0.0,STRATEGY
2021-02-05,IC2102.CFX,SELL,1,6330.0,1266000.0,291.18,-24142.857142857065,STRATEGY
2021-02-18,IC2102.CFX,SELL,13,6622.4,17218240.0,3960.1952,446382.8571428572,STRATEGY
2021-02-18,IC2103.CFX,BUY,13,6584.0,17118400.0,3937.232,0.0,STRATEGY
2021-03-17,IC2103.CFX,SELL,13,6166.0,16031600.0,3687.268,-1086800.0,STRATEGY
2021-03-17,IC2104.CFX,BUY,13,6113.8,15895880.000000002,3656.0524000000005,0.0,STRATEGY
2021-03-19,IC2104.CFX,BUY,1,6147.0,1229400.0,282.762,0.0,STRATEGY
2021-03-22,IC2104.CFX,SELL,1,6174.0,1234800.0,284.004,11565.714285714239,STRATEGY
2021-03-30,IC2104.CFX,BUY,1,6205.0,1241000.0,285.43,0.0,STRATEGY
2021-04-01,IC2104.CFX,SELL,1,6239.4,1247880.0,287.0124,23376.73469387755,STRATEGY
2021-04-09,IC2104.CFX,BUY,1,6322.4,1264480.0,290.8304,0.0,STRATEGY
2021-04-14,IC2104.CFX,SELL,14,6218.0,17410400.0,4004.3920000000003,227377.55102041154,STRATEGY
2021-04-14,IC2105.CFX,BUY,14,6168.6,17272080.0,3972.5784000000003,0.0,STRATEGY
2021-05-19,IC2105.CFX,SELL,14,6579.0,18421200.0,4236.876,1149119.999999999,STRATEGY
2021-05-19,IC2106.CFX,BUY,14,6527.6,18277280.0,4203.7744,0.0,STRATEGY
2021-06-16,IC2106.CFX,SELL,14,6648.2,18614960.0,4281.4408,337679.9999999985,STRATEGY
2021-06-16,IC2107.CFX,BUY,14,6598.8,18476640.0,4249.6272,0.0,STRATEGY
2021-07-14,IC2107.CFX,SELL,14,6932.0,19409600.0,4464.2080000000005,932959.9999999995,STRATEGY
2021-07-14,IC2108.CFX,BUY,14,6896.6,19310480.0,4441.4104,0.0,STRATEGY
2021-08-18,IC2108.CFX,SELL,14,6895.4,19307120.0,4440.6376,-3360.0000000020373,STRATEGY
2021-08-18,IC2109.CFX,BUY,14,6855.0,19194000.0,4414.62,0.0,STRATEGY
2021-09-15,IC2109.CFX,SELL,14,7544.4,21124320.0,4858.5936,1930319.999999999,STRATEGY
2021-09-15,IC2110.CFX,BUY,14,7461.2,20891360.0,4805.0128,0.0,STRATEGY
2021-10-13,IC2110.CFX,SELL,14,6953.2,19468960.0,4477.8608,-1422400.0,STRATEGY
2021-10-13,IC2111.CFX,BUY,14,6900.2,19320560.0,4443.7288,0.0,STRATEGY
2021-11-17,IC2111.CFX,SELL,14,7050.4,19741120.0,4540.4576,420559.9999999995,STRATEGY
2021-11-17,IC2112.CFX,BUY,14,7030.0,19684000.0,4527.32,0.0,STRATEGY
2021-12-15,IC2112.CFX,SELL,14,7330.4,20525120.0,4720.7776,841119.999999999,STRATEGY
2021-12-15,IC2201.CFX,BUY,14,7287.6,20405280.0,4693.2144,0.0,STRATEGY
2022-01-19,IC2201.CFX,SELL,14,7160.2,20048560.0,4611.1688,-356720.0000000015,STRATEGY
2022-01-19,IC2202.CFX,BUY,14,7156.0,20036800.0,4608.464,0.0,STRATEGY
2022-02-16,IC2202.CFX,SELL,14,6778.8,18980640.0,4365.5472,-1056159.9999999995,STRATEGY
2022-02-16,IC2203.CFX,BUY,14,6780.0,18984000.0,4366.32,0.0,STRATEGY
2022-03-11,IC2203.CFX,BUY,1,6300.0,1260000.0,289.8,0.0,STRATEGY
2022-03-16,IC2203.CFX,SELL,15,6041.8,18125400.0,4168.842000000001,-2118599.999999999,STRATEGY
2022-03-16,IC2204.CFX,BUY,15,5986.8,17960400.0,4130.892,0.0,STRATEGY
2022-03-17,IC2204.CFX,SELL,1,6227.0,1245400.0,286.442,48039.99999999996,STRATEGY
2022-04-13,IC2204.CFX,SELL,14,6094.4,17064320.0,3924.7936,301279.9999999985,STRATEGY
2022-04-13,IC2205.CFX,BUY,14,6058.8,16964640.0,3901.8672,0.0,STRATEGY
2022-04-15,IC2205.CFX,BUY,1,6049.4,1209880.0,278.2724,0.0,STRATEGY
2022-04-29,IC2205.CFX,SELL,1,5434.0,1086800.0,249.964,-124834.66666666663,STRATEGY
2022-05-06,IC2205.CFX,BUY,1,5530.2,1106040.0,254.38920000000002,0.0,STRATEGY
2022-05-18,IC2205.CFX,SELL,15,5790.4,17371200.0,3995.376,-697725.3333333337,STRATEGY
2022-05-18,IC2206.CFX,BUY,15,5744.8,17234400.0,3963.9120000000003,0.0,STRATEGY
2022-06-15,IC2206.CFX,SELL,15,6281.8,18845400.0,4334.442,1611000.0,STRATEGY
2022-06-15,IC2207.CFX,BUY,15,6250.0,18750000.0,4312.5,0.0,STRATEGY
2022-07-13,IC2207.CFX,SELL,15,6239.8,18719400.0,4305.462,-30599.999999999454,STRATEGY
2022-07-13,IC2208.CFX,BUY,15,6195.8,18587400.0,4275.102,0.0,STRATEGY
2022-08-17,IC2208.CFX,SELL,15,6467.6,19402800.0,4462.644,815400.0000000006,STRATEGY
2022-08-17,IC2209.CFX,BUY,15,6425.0,19275000.0,4433.25,0.0,STRATEGY
2022-09-14,IC2209.CFX,SELL,15,6215.0,18645000.0,4288.35,-630000.0,STRATEGY
2022-09-14,IC2210.CFX,BUY,15,6201.0,18603000.0,4278.6900000000005,0.0,STRATEGY
2022-10-19,IC2210.CFX,SELL,15,6026.8,18080400.0,4158.492,-522599.9999999995,STRATEGY
2022-10-19,IC2211.CFX,BUY,15,6004.8,18014400.0,4143.312,0.0,STRATEGY
2022-11-16,IC2211.CFX,SELL,15,6237.2,18711600.0,4303.668000000001,697199.999999999,STRATEGY
2022-11-16,IC2212.CFX,BUY,15,6236.2,18708600.0,4302.978,0.0,STRATEGY
2022-12-14,IC2212.CFX,SELL,15,6139.2,18417600.0,4236.048,-291000.0,STRATEGY
2022-12-14,IC2301.CFX,BUY,15,6138.4,18415200.0,4235.496,0.0,STRATEGY
2023-01-18,IC2301.CFX,SELL,15,6149.0,18447000.0,4242.81,31800.00000000109,STRATEGY
2023-01-18,IC2302.CFX,BUY,15,6158.0,18474000.0,4249.02,0.0,STRATEGY
2023-02-15,IC2302.CFX,SELL,15,6386.0,19158000.0,4406.34,684000.0,STRATEGY
2023-02-15,IC2303.CFX,BUY,15,6387.4,19162200.0,4407.3060000000005,0.0,STRATEGY
2023-03-15,IC2303.CFX,SELL,15,6218.0,18654000.0,4290.42,-508199.9999999989,STRATEGY
2023-03-15,IC2304.CFX,BUY,15,6214.0,18642000.0,4287.66,0.0,STRATEGY
2023-04-19,IC2304.CFX,SELL,15,6439.0,19317000.0,4442.91,675000.0,STRATEGY
2023-04-19,IC2305.CFX,BUY,15,6418.6,19255800.0,4428.834,0.0,STRATEGY
2023-05-17,IC2305.CFX,SELL,15,6103.0,18309000.0,4211.07,-946800.000000001,STRATEGY
2023-05-17,IC2306.CFX,BUY,15,6111.0,18333000.0,4216.59,0.0,STRATEGY
2023-06-14,IC2306.CFX,SELL,15,6042.4,18127200.0,4169.256,-205800.0000000011,STRATEGY
2023-06-14,IC2307.CFX,BUY,15,6038.2,18114600.0,4166.358,0.0,STRATEGY
2023-07-19,IC2307.CFX,SELL,15,5997.6,17992800.0,4138.344,-121799.99999999837,STRATEGY
2023-07-19,IC2308.CFX,BUY,15,5981.8,17945400.0,4127.442,0.0,STRATEGY
2023-08-16,IC2308.CFX,SELL,15,5863.4,17590200.0,4045.746,-355200.00000000163,STRATEGY
2023-08-16,IC2309.CFX,BUY,15,5868.0,17604000.0,4048.92,0.0,STRATEGY
2023-08-28,IC2309.CFX,SELL,1,5903.0,1180600.0,271.538,7000.0,STRATEGY
2023-09-13,IC2309.CFX,SELL,14,5759.8,16127440.0,3709.3112,-302959.9999999995,STRATEGY
2023-09-13,IC2310.CFX,BUY,14,5767.0,16147600.0,3713.9480000000003,0.0,STRATEGY
2023-10-18,IC2310.CFX,SELL,14,5578.2,15618960.0,3592.3608,-528640.0000000005,STRATEGY
2023-10-18,IC2311.CFX,BUY,14,5585.2,15638560.0,3596.8688,0.0,STRATEGY
2023-10-26,IC2311.CFX,BUY,1,5327.8,1065560.0,245.0788,0.0,STRATEGY
2023-11-01,IC2311.CFX,SELL,1,5523.6,1104720.0,254.0856,-8887.99999999992,STRATEGY
2023-11-08,IC2311.CFX,BUY,1,5589.8,1117960.0,257.1308,0.0,STRATEGY
2023-11-15,IC2311.CFX,SELL,15,5686.0,17058000.0,3923.34,349528.00000000023,STRATEGY
2023-11-15,IC2312.CFX,BUY,14,5662.4,15854719.999999998,3646.5856,0.0,STRATEGY
2023-12-13,IC2312.CFX,SELL,14,5558.0,15562400.0,3579.3520000000003,-292319.99999999895,STRATEGY
2023-12-13,IC2401.CFX,BUY,14,5541.4,15515919.999999998,3568.6615999999995,0.0,STRATEGY
2023-12-18,IC2401.CFX,BUY,1,5420.2,1084040.0,249.32920000000001,0.0,STRATEGY
2023-12-20,IC2401.CFX,SELL,1,5390.0,1078000.0,247.94,-28663.99999999976,STRATEGY
2023-12-21,IC2401.CFX,BUY,1,5303.0,1060600.0,243.93800000000002,0.0,STRATEGY
2023-12-25,IC2401.CFX,SELL,1,5323.0,1064600.0,244.858,-38993.066666666346,STRATEGY
2023-12-26,IC2401.CFX,BUY,1,5313.0,1062600.0,244.398,0.0,STRATEGY
2023-12-27,IC2401.CFX,SELL,1,5272.2,1054440.0,242.5212,-46420.195555555256,STRATEGY
2023-12-28,IC2401.CFX,BUY,1,5277.8,1055560.0,242.77880000000002,0.0,STRATEGY
2024-01-17,IC2401.CFX,SELL,15,5162.0,15486000.0,3561.78,-981602.7377777746,STRATEGY
2024-01-17,IC2402.CFX,BUY,15,5130.8,15392400.0,3540.252,0.0,STRATEGY
2024-01-19,IC2402.CFX,SELL,1,4969.0,993800.0,228.574,-32360.000000000036,STRATEGY
2024-01-23,IC2402.CFX,BUY,1,4659.0,931800.0,214.314,0.0,STRATEGY
2024-01-24,IC2402.CFX,SELL,1,4850.4,970079.9999999999,223.11839999999998,-49789.33333333334,STRATEGY
2024-01-30,IC2402.CFX,BUY,1,4856.0,971200.0,223.376,0.0,STRATEGY
2024-02-08,IC2402.CFX,SELL,1,5179.2,1035840.0,238.2432,19215.28888888879,STRATEGY
2024-02-19,IC2402.CFX,SELL,14,5189.0,14529200.0,3341.716,296454.04444444354,STRATEGY
2024-02-19,IC2403.CFX,BUY,14,5201.0,14562800.0,3349.444,0.0,STRATEGY
2024-03-13,IC2403.CFX,SELL,14,5444.0,15243200.0,3505.936,680400.0,STRATEGY
2024-03-13,IC2404.CFX,BUY,14,5393.0,15100400.0,3473.092,0.0,STRATEGY
2024-04-17,IC2404.CFX,SELL,14,5246.8,14691040.0,3378.9392000000003,-409359.9999999995,STRATEGY
2024-04-17,IC2405.CFX,BUY,14,5216.0,14604800.0,3359.1040000000003,0.0,STRATEGY
2024-05-15,IC2405.CFX,SELL,14,5479.6,15342880.000000002,3528.8624000000004,738080.000000001,STRATEGY
2024-05-15,IC2406.CFX,BUY,14,5449.2,15257760.0,3509.2848,0.0,STRATEGY
2024-06-11,IC2406.CFX,BUY,1,5154.2,1030840.0,237.0932,0.0,STRATEGY
2024-06-19,IC2406.CFX,SELL,15,5240.2,15720600.0,3615.7380000000003,-568000.0000000019,STRATEGY
2024-06-19,IC2407.CFX,BUY,15,5206.2,15618600.0,3592.2780000000002,0.0,STRATEGY
2024-07-11,IC2407.CFX,SELL,1,4878.4,975679.9999999999,224.4064,-65560.00000000003,STRATEGY
2024-07-17,IC2407.CFX,SELL,14,4877.4,13656719.999999998,3141.0455999999995,-920640.0000000005,STRATEGY
2024-07-17,IC2408.CFX,BUY,15,4855.0,14565000.0,3349.9500000000003,0.0,STRATEGY
2024-07-22,IC2408.CFX,SELL,1,4856.2,971240.0,223.3852,239.99999999996362,STRATEGY
2024-07-24,IC2408.CFX,BUY,1,4692.0,938400.0,215.832,0.0,STRATEGY
2024-07-26,IC2408.CFX,SELL,1,4652.8,930560.0,214.02880000000002,-38266.666666666606,STRATEGY
2024-07-30,IC2408.CFX,BUY,1,4666.0,933200.0,214.636,0.0,STRATEGY
2024-08-06,IC2408.CFX,SELL,1,4759.0,951800.0,218.91400000000002,-14651.55555555557,STRATEGY
2024-08-14,IC2408.CFX,SELL,14,4725.0,13230000.0,3042.9,-300321.777777778,STRATEGY
2024-08-14,IC2409.CFX,BUY,14,4701.0,13162800.0,3027.444,0.0,STRATEGY
2024-09-18,IC2409.CFX,SELL,14,4452.0,12465600.0,2867.088,-697200.0,STRATEGY
2024-09-18,IC2410.CFX,BUY,14,4427.0,12395600.0,2850.9880000000003,0.0,STRATEGY
2024-10-08,IC2410.CFX,SELL,1,6483.0,1296600.0,298.218,411200.0,STRATEGY
2024-10-16,IC2410.CFX,SELL,13,5407.6,14059760.0,3233.7448,2549560.000000001,STRATEGY
2024-10-16,IC2411.CFX,BUY,13,5406.0,14055600.0,3232.788,0.0,STRATEGY
2024-11-13,IC2411.CFX,SELL,13,6229.8,16197480.000000002,3725.4204000000004,2141880.0000000005,STRATEGY
2024-11-13,IC2412.CFX,BUY,13,6149.0,15987400.0,3677.1020000000003,0.0,STRATEGY
2024-12-18,IC2412.CFX,SELL,13,5887.2,15306719.999999998,3520.5455999999995,-680680.0000000005,STRATEGY
2024-12-18,IC2501.CFX,BUY,13,5846.0,15199600.0,3495.908,0.0,STRATEGY
2025-01-13,IC2501.CFX,BUY,1,5321.0,1064200.0,244.76600000000002,0.0,STRATEGY
2025-01-15,IC2501.CFX,SELL,14,5566.0,15584800.0,3584.504,-679000.0,STRATEGY
2025-01-15,IC2502.CFX,BUY,14,5547.8,15533840.0,3572.7832000000003,0.0,STRATEGY
2025-01-23,IC2502.CFX,SELL,1,5640.0,1128000.0,259.44,18439.999999999964,STRATEGY
2025-01-24,IC2502.CFX,BUY,1,5568.6,1113720.0,256.1556,0.0,STRATEGY
2025-01-27,IC2502.CFX,SELL,1,5653.0,1130600.0,260.038,20742.857142856883,STRATEGY
2025-02-06,IC2502.CFX,BUY,1,5576.0,1115200.0,256.496,0.0,STRATEGY
2025-02-07,IC2502.CFX,SELL,1,5745.0,1149000.0,264.27,38761.22448979568,STRATEGY
2025-02-19,IC2502.CFX,SELL,13,5838.0,15178800.0,3491.1240000000003,745695.9183673438,STRATEGY
2025-02-19,IC2503.CFX,BUY,14,5822.6,16303280.000000002,3749.7544000000007,0.0,STRATEGY
2025-02-26,IC2503.CFX,SELL,1,5962.4,1192480.0,274.2704,27959.999999999854,STRATEGY
2025-03-04,IC2503.CFX,BUY,1,5810.6,1162120.0,267.2876,0.0,STRATEGY
2025-03-19,IC2503.CFX,SELL,14,6099.8,17079440.0,3928.2712,778559.9999999977,STRATEGY
2025-03-19,IC2504.CFX,BUY,14,6065.2,16982560.0,3905.9888,0.0,STRATEGY
2025-04-10,IC2504.CFX,SELL,1,5545.0,1109000.0,255.07000000000002,-104039.99999999997,STRATEGY
2025-04-16,IC2504.CFX,SELL,13,5571.0,14484600.0,3331.458,-1284919.9999999995,STRATEGY
2025-04-16,IC2505.CFX,BUY,14,5490.8,15374240.0,3536.0752,0.0,STRATEGY
2025-05-07,IC2505.CFX,SELL,1,5818.0,1163600.0,267.628,65439.99999999996,STRATEGY
2025-05-14,IC2505.CFX,SELL,13,5770.2,15002519.999999998,3450.5795999999996,726439.9999999991,STRATEGY
2025-05-14,IC2506.CFX,BUY,14,5663.4,15857519.999999998,3647.2295999999997,0.0,STRATEGY
2025-05-29,IC2506.CFX,SELL,1,5585.0,1117000.0,256.91,-15679.999999999927,STRATEGY
2025-05-30,IC2506.CFX,BUY,1,5641.8,1128360.0,259.5228,0.0,STRATEGY
2025-06-09,IC2506.CFX,SELL,1,5739.8,1147960.0,264.0308,15588.571428571413,STRATEGY
2025-06-12,IC2506.CFX,BUY,1,5752.8,1150560.0,264.6288,0.0,STRATEGY
2025-06-18,IC2506.CFX,SELL,14,5742.0,16077600.0,3697.848,206211.4285714295,STRATEGY
2025-06-18,IC2507.CFX,BUY,14,5670.0,15876000.0,3651.48,0.0,STRATEGY
2025-07-16,IC2507.CFX,SELL,14,6012.0,16833600.0,3871.728,957600.0,STRATEGY
2025-07-16,IC2508.CFX,BUY,14,5957.0,16679600.0,3836.308,0.0,STRATEGY
2025-08-13,IC2508.CFX,SELL,14,6419.2,17973760.0,4133.9648,1294159.9999999995,STRATEGY
2025-08-13,IC2509.CFX,BUY,14,6351.0,17782800.0,4090.0440000000003,0.0,STRATEGY
2025-09-17,IC2509.CFX,SELL,14,7151.0,20022800.0,4605.244,2240000.0,STRATEGY
2025-09-17,IC2510.CFX,BUY,14,7120.0,19936000.0,4585.28,0.0,STRATEGY
2025-10-15,IC2510.CFX,SELL,14,7196.6,20150480.0,4634.6104000000005,214480.00000000102,STRATEGY
2025-10-15,IC2511.CFX,BUY,14,7090.8,19854240.0,4566.4752,0.0,STRATEGY
2025-11-19,IC2511.CFX,SELL,14,7143.2,20000960.0,4600.2208,146719.99999999898,STRATEGY
2025-11-19,IC2512.CFX,BUY,14,7085.4,19839120.0,4562.9976,0.0,STRATEGY
